Kernel,Metric,Configuration,Value
_Z6kernelPh,sm_efficiency,./const_global_mem.out_sm_efficiency_const_global_mem.out,65221.9
_Z6kernelPh,flop_count_sp,./const_global_mem.out_flop_count_sp_const_global_mem.out,2518453368472
_Z6kernelPh,shared_store_throughput,./const_global_mem.out_shared_store_throughput_const_global_mem.out,0
_Z6kernelPh,l2_atomic_transactions,./const_global_mem.out_l2_atomic_transactions_const_global_mem.out,0
_Z6kernelPh,l2_tex_read_transactions,./const_global_mem.out_l2_tex_read_transactions_const_global_mem.out,0
_Z6kernelPh,dram_read_throughput,./const_global_mem.out_dram_read_throughput_const_global_mem.out,16031
_Z6kernelPh,atomic_transactions,./const_global_mem.out_atomic_transactions_const_global_mem.out,298824933
_Z6kernelPh,stall_exec_dependency,./const_global_mem.out_stall_exec_dependency_const_global_mem.out,29.6883
_Z6kernelPh,cf_executed,./const_global_mem.out_cf_executed_const_global_mem.out,474805160
_Z6kernelPh,flop_count_dp,./const_global_mem.out_flop_count_dp_const_global_mem.out,0
_Z6kernelPh,local_store_transactions,./const_global_mem.out_local_store_transactions_const_global_mem.out,0
_Z6kernelPh,inst_per_warp,./const_global_mem.out_inst_per_warp_const_global_mem.out,122260
_Z6kernelPh,warp_nonpred_execution_efficiency,./const_global_mem.out_warp_nonpred_execution_efficiency_const_global_mem.out,71.9461
_Z6kernelPh,flop_count_dp_add,./const_global_mem.out_flop_count_dp_add_const_global_mem.out,0
_Z6kernelPh,shared_efficiency,./const_global_mem.out_shared_efficiency_const_global_mem.out,0
_Z6kernelPh,l2_utilization,./const_global_mem.out_l2_utilization_const_global_mem.out,4
_Z6kernelPh,shared_store_transactions,./const_global_mem.out_shared_store_transactions_const_global_mem.out,0
_Z6kernelPh,tex_cache_throughput,./const_global_mem.out_tex_cache_throughput_const_global_mem.out,0
_Z6kernelPh,local_store_throughput,./const_global_mem.out_local_store_throughput_const_global_mem.out,0
_Z6kernelPh,inst_replay_overhead,./const_global_mem.out_inst_replay_overhead_const_global_mem.out,1.54305
_Z6kernelPh,inst_bit_convert,./const_global_mem.out_inst_bit_convert_const_global_mem.out,2097152000
_Z6kernelPh,shared_load_transactions,./const_global_mem.out_shared_load_transactions_const_global_mem.out,0
_Z6kernelPh,stall_pipe_busy,./const_global_mem.out_stall_pipe_busy_const_global_mem.out,0.171696
_Z6kernelPh,inst_fp_64,./const_global_mem.out_inst_fp_64_const_global_mem.out,0
_Z6kernelPh,gst_transactions_per_request,./const_global_mem.out_gst_transactions_per_request_const_global_mem.out,0.190971
_Z6kernelPh,local_memory_overhead,./const_global_mem.out_local_memory_overhead_const_global_mem.out,0
_Z6kernelPh,gst_efficiency,./const_global_mem.out_gst_efficiency_const_global_mem.out,88015
_Z6kernelPh,stall_memory_dependency,./const_global_mem.out_stall_memory_dependency_const_global_mem.out,0
_Z6kernelPh,gld_efficiency,./const_global_mem.out_gld_efficiency_const_global_mem.out,0
_Z6kernelPh,l2_write_throughput,./const_global_mem.out_l2_write_throughput_const_global_mem.out,370516
_Z6kernelPh,gst_throughput,./const_global_mem.out_gst_throughput_const_global_mem.out,444896
_Z6kernelPh,l2_read_transactions,./const_global_mem.out_l2_read_transactions_const_global_mem.out,3014
_Z6kernelPh,l2_atomic_throughput,./const_global_mem.out_l2_atomic_throughput_const_global_mem.out,0
_Z6kernelPh,stall_memory_throttle,./const_global_mem.out_stall_memory_throttle_const_global_mem.out,0.00295075
_Z6kernelPh,shared_load_throughput,./const_global_mem.out_shared_load_throughput_const_global_mem.out,0
_Z6kernelPh,flop_sp_efficiency,./const_global_mem.out_flop_sp_efficiency_const_global_mem.out,34326.4
_Z6kernelPh,dram_read_transactions,./const_global_mem.out_dram_read_transactions_const_global_mem.out,2489
_Z6kernelPh,stall_not_selected,./const_global_mem.out_stall_not_selected_const_global_mem.out,1.00994
_Z6kernelPh,ldst_executed,./const_global_mem.out_ldst_executed_const_global_mem.out,419034862
_Z6kernelPh,sysmem_write_throughput,./const_global_mem.out_sysmem_write_throughput_const_global_mem.out,22
_Z6kernelPh,sysmem_write_transactions,./const_global_mem.out_sysmem_write_transactions_const_global_mem.out,1
_Z6kernelPh,gld_throughput,./const_global_mem.out_gld_throughput_const_global_mem.out,0
_Z6kernelPh,gld_transactions,./const_global_mem.out_gld_transactions_const_global_mem.out,2
_Z6kernelPh,stall_constant_memory_dependency,./const_global_mem.out_stall_constant_memory_dependency_const_global_mem.out,0.000718581
_Z6kernelPh,stall_inst_fetch,./const_global_mem.out_stall_inst_fetch_const_global_mem.out,4.92093
_Z6kernelPh,sysmem_read_throughput,./const_global_mem.out_sysmem_read_throughput_const_global_mem.out,0
_Z6kernelPh,flop_count_sp_mul,./const_global_mem.out_flop_count_sp_mul_const_global_mem.out,1259637343304
_Z6kernelPh,shared_load_transactions_per_request,./const_global_mem.out_shared_load_transactions_per_request_const_global_mem.out,0
_Z6kernelPh,sysmem_write_utilization,./const_global_mem.out_sysmem_write_utilization_const_global_mem.out,1
_Z6kernelPh,inst_control,./const_global_mem.out_inst_control_const_global_mem.out,943830862536
_Z6kernelPh,l2_write_transactions,./const_global_mem.out_l2_write_transactions_const_global_mem.out,43694
_Z6kernelPh,gst_requested_throughput,./const_global_mem.out_gst_requested_throughput_const_global_mem.out,365826529
_Z6kernelPh,inst_compute_ld_st,./const_global_mem.out_inst_compute_ld_st_const_global_mem.out,840565850076
_Z6kernelPh,local_store_transactions_per_request,./const_global_mem.out_local_store_transactions_per_request_const_global_mem.out,0
_Z6kernelPh,sysmem_utilization,./const_global_mem.out_sysmem_utilization_const_global_mem.out,1
_Z6kernelPh,inst_integer,./const_global_mem.out_inst_integer_const_global_mem.out,322616952624
_Z6kernelPh,sysmem_read_transactions,./const_global_mem.out_sysmem_read_transactions_const_global_mem.out,0
_Z6kernelPh,inst_executed,./const_global_mem.out_inst_executed_const_global_mem.out,1307561294
_Z6kernelPh,flop_count_sp_fma,./const_global_mem.out_flop_count_sp_fma_const_global_mem.out,206181316
_Z6kernelPh,local_load_transactions_per_request,./const_global_mem.out_local_load_transactions_per_request_const_global_mem.out,0
_Z6kernelPh,dram_write_transactions,./const_global_mem.out_dram_write_transactions_const_global_mem.out,7251
_Z6kernelPh,local_load_transactions,./const_global_mem.out_local_load_transactions_const_global_mem.out,0
_Z6kernelPh,sysmem_read_utilization,./const_global_mem.out_sysmem_read_utilization_const_global_mem.out,0
_Z6kernelPh,dram_utilization,./const_global_mem.out_dram_utilization_const_global_mem.out,1
_Z6kernelPh,tex_utilization,./const_global_mem.out_tex_utilization_const_global_mem.out,0
_Z6kernelPh,inst_fp_32,./const_global_mem.out_inst_fp_32_const_global_mem.out,3357182962180
_Z6kernelPh,gst_transactions,./const_global_mem.out_gst_transactions_const_global_mem.out,66176
_Z6kernelPh,tex_cache_hit_rate,./const_global_mem.out_tex_cache_hit_rate_const_global_mem.out,28.6335
_Z6kernelPh,inst_misc,./const_global_mem.out_inst_misc_const_global_mem.out,425329909305
_Z6kernelPh,warp_execution_efficiency,./const_global_mem.out_warp_execution_efficiency_const_global_mem.out,103.558
_Z6kernelPh,tex_cache_transactions,./const_global_mem.out_tex_cache_transactions_const_global_mem.out,0
_Z6kernelPh,local_load_throughput,./const_global_mem.out_local_load_throughput_const_global_mem.out,0
_Z6kernelPh,inst_issued,./const_global_mem.out_inst_issued_const_global_mem.out,1469786770
_Z6kernelPh,gld_requested_throughput,./const_global_mem.out_gld_requested_throughput_const_global_mem.out,0
_Z6kernelPh,ldst_issued,./const_global_mem.out_ldst_issued_const_global_mem.out,460787748
_Z6kernelPh,flop_count_sp_add,./const_global_mem.out_flop_count_sp_add_const_global_mem.out,1258403662536
_Z6kernelPh,flop_count_dp_mul,./const_global_mem.out_flop_count_dp_mul_const_global_mem.out,0
_Z6kernelPh,inst_inter_thread_communication,./const_global_mem.out_inst_inter_thread_communication_const_global_mem.out,0
_Z6kernelPh,flop_count_sp_special,./const_global_mem.out_flop_count_sp_special_const_global_mem.out,56231268
_Z6kernelPh,atomic_transactions_per_request,./const_global_mem.out_atomic_transactions_per_request_const_global_mem.out,0
_Z6kernelPh,flop_dp_efficiency,./const_global_mem.out_flop_dp_efficiency_const_global_mem.out,0
_Z6kernelPh,issue_slots,./const_global_mem.out_issue_slots_const_global_mem.out,1243818930
_Z6kernelPh,stall_sync,./const_global_mem.out_stall_sync_const_global_mem.out,0
_Z6kernelPh,l2_read_throughput,./const_global_mem.out_l2_read_throughput_const_global_mem.out,22332
_Z6kernelPh,stall_other,./const_global_mem.out_stall_other_const_global_mem.out,54.1581
_Z6kernelPh,stall_texture,./const_global_mem.out_stall_texture_const_global_mem.out,0
_Z6kernelPh,flop_count_dp_fma,./const_global_mem.out_flop_count_dp_fma_const_global_mem.out,0
_Z6kernelPh,cf_issued,./const_global_mem.out_cf_issued_const_global_mem.out,551586702
_Z6kernelPh,gld_transactions_per_request,./const_global_mem.out_gld_transactions_per_request_const_global_mem.out,0
_Z6kernelPh,shared_store_transactions_per_request,./const_global_mem.out_shared_store_transactions_per_request_const_global_mem.out,0
_Z6kernelPh,dram_write_throughput,./const_global_mem.out_dram_write_throughput_const_global_mem.out,44124
_Z6kernelPh,sm_efficiency,./const_global_mem.out_sm_efficiency_const_global_mem.out,61145.6
_Z6kernelPh,sm_efficiency,./const_global_mem.out_sm_efficiency_const_global_mem.out,61347.9
_Z6kernelPh,flop_count_sp,./const_global_mem.out_flop_count_sp_const_global_mem.out,2518453368472
_Z6kernelPh,shared_store_throughput,./const_global_mem.out_shared_store_throughput_const_global_mem.out,0
_Z6kernelPh,l2_atomic_transactions,./const_global_mem.out_l2_atomic_transactions_const_global_mem.out,0
_Z6kernelPh,l2_tex_read_transactions,./const_global_mem.out_l2_tex_read_transactions_const_global_mem.out,0
_Z6kernelPh,dram_read_throughput,./const_global_mem.out_dram_read_throughput_const_global_mem.out,33054
_Z6kernelPh,atomic_transactions,./const_global_mem.out_atomic_transactions_const_global_mem.out,0
_Z6kernelPh,stall_exec_dependency,./const_global_mem.out_stall_exec_dependency_const_global_mem.out,23.7369
_Z6kernelPh,cf_executed,./const_global_mem.out_cf_executed_const_global_mem.out,529707996
_Z6kernelPh,flop_count_dp,./const_global_mem.out_flop_count_dp_const_global_mem.out,0
_Z6kernelPh,local_store_transactions,./const_global_mem.out_local_store_transactions_const_global_mem.out,0
_Z6kernelPh,inst_per_warp,./const_global_mem.out_inst_per_warp_const_global_mem.out,136393
_Z6kernelPh,warp_nonpred_execution_efficiency,./const_global_mem.out_warp_nonpred_execution_efficiency_const_global_mem.out,172.185
_Z6kernelPh,flop_count_dp_add,./const_global_mem.out_flop_count_dp_add_const_global_mem.out,0
_Z6kernelPh,shared_efficiency,./const_global_mem.out_shared_efficiency_const_global_mem.out,0
_Z6kernelPh,l2_utilization,./const_global_mem.out_l2_utilization_const_global_mem.out,4
_Z6kernelPh,shared_store_transactions,./const_global_mem.out_shared_store_transactions_const_global_mem.out,0
_Z6kernelPh,tex_cache_throughput,./const_global_mem.out_tex_cache_throughput_const_global_mem.out,0
_Z6kernelPh,local_store_throughput,./const_global_mem.out_local_store_throughput_const_global_mem.out,0
_Z6kernelPh,inst_replay_overhead,./const_global_mem.out_inst_replay_overhead_const_global_mem.out,1.41732
_Z6kernelPh,inst_bit_convert,./const_global_mem.out_inst_bit_convert_const_global_mem.out,2097152000
_Z6kernelPh,shared_load_transactions,./const_global_mem.out_shared_load_transactions_const_global_mem.out,0
_Z6kernelPh,stall_pipe_busy,./const_global_mem.out_stall_pipe_busy_const_global_mem.out,0.135083
_Z6kernelPh,inst_fp_64,./const_global_mem.out_inst_fp_64_const_global_mem.out,0
_Z6kernelPh,gst_transactions_per_request,./const_global_mem.out_gst_transactions_per_request_const_global_mem.out,0.187573
_Z6kernelPh,local_memory_overhead,./const_global_mem.out_local_memory_overhead_const_global_mem.out,0
_Z6kernelPh,gst_efficiency,./const_global_mem.out_gst_efficiency_const_global_mem.out,90022
_Z6kernelPh,stall_memory_dependency,./const_global_mem.out_stall_memory_dependency_const_global_mem.out,0
_Z6kernelPh,gld_efficiency,./const_global_mem.out_gld_efficiency_const_global_mem.out,0
_Z6kernelPh,l2_write_throughput,./const_global_mem.out_l2_write_throughput_const_global_mem.out,503028
_Z6kernelPh,gst_throughput,./const_global_mem.out_gst_throughput_const_global_mem.out,760234
_Z6kernelPh,l2_read_transactions,./const_global_mem.out_l2_read_transactions_const_global_mem.out,3008
_Z6kernelPh,l2_atomic_throughput,./const_global_mem.out_l2_atomic_throughput_const_global_mem.out,0
_Z6kernelPh,stall_memory_throttle,./const_global_mem.out_stall_memory_throttle_const_global_mem.out,0.00153285
_Z6kernelPh,shared_load_throughput,./const_global_mem.out_shared_load_throughput_const_global_mem.out,0
_Z6kernelPh,flop_sp_efficiency,./const_global_mem.out_flop_sp_efficiency_const_global_mem.out,52860.9
_Z6kernelPh,dram_read_transactions,./const_global_mem.out_dram_read_transactions_const_global_mem.out,2739
_Z6kernelPh,stall_not_selected,./const_global_mem.out_stall_not_selected_const_global_mem.out,0.713991
_Z6kernelPh,ldst_executed,./const_global_mem.out_ldst_executed_const_global_mem.out,447623908
_Z6kernelPh,sysmem_write_throughput,./const_global_mem.out_sysmem_write_throughput_const_global_mem.out,13
_Z6kernelPh,sysmem_write_transactions,./const_global_mem.out_sysmem_write_transactions_const_global_mem.out,1
_Z6kernelPh,gld_throughput,./const_global_mem.out_gld_throughput_const_global_mem.out,0
_Z6kernelPh,gld_transactions,./const_global_mem.out_gld_transactions_const_global_mem.out,2
_Z6kernelPh,stall_constant_memory_dependency,./const_global_mem.out_stall_constant_memory_dependency_const_global_mem.out,0.00112965
_Z6kernelPh,stall_inst_fetch,./const_global_mem.out_stall_inst_fetch_const_global_mem.out,3.89511
_Z6kernelPh,sysmem_read_throughput,./const_global_mem.out_sysmem_read_throughput_const_global_mem.out,0
_Z6kernelPh,flop_count_sp_mul,./const_global_mem.out_flop_count_sp_mul_const_global_mem.out,1259637343304
_Z6kernelPh,shared_load_transactions_per_request,./const_global_mem.out_shared_load_transactions_per_request_const_global_mem.out,0
_Z6kernelPh,sysmem_write_utilization,./const_global_mem.out_sysmem_write_utilization_const_global_mem.out,1
_Z6kernelPh,inst_control,./const_global_mem.out_inst_control_const_global_mem.out,943830862536
_Z6kernelPh,l2_write_transactions,./const_global_mem.out_l2_write_transactions_const_global_mem.out,32543
_Z6kernelPh,gst_requested_throughput,./const_global_mem.out_gst_requested_throughput_const_global_mem.out,692415715
_Z6kernelPh,inst_compute_ld_st,./const_global_mem.out_inst_compute_ld_st_const_global_mem.out,840565850076
_Z6kernelPh,local_store_transactions_per_request,./const_global_mem.out_local_store_transactions_per_request_const_global_mem.out,0
_Z6kernelPh,sysmem_utilization,./const_global_mem.out_sysmem_utilization_const_global_mem.out,1
_Z6kernelPh,inst_integer,./const_global_mem.out_inst_integer_const_global_mem.out,322616952624
_Z6kernelPh,sysmem_read_transactions,./const_global_mem.out_sysmem_read_transactions_const_global_mem.out,0
_Z6kernelPh,inst_executed,./const_global_mem.out_inst_executed_const_global_mem.out,1153952183
_Z6kernelPh,flop_count_sp_fma,./const_global_mem.out_flop_count_sp_fma_const_global_mem.out,206181316
_Z6kernelPh,local_load_transactions_per_request,./const_global_mem.out_local_load_transactions_per_request_const_global_mem.out,0
_Z6kernelPh,dram_write_transactions,./const_global_mem.out_dram_write_transactions_const_global_mem.out,9259
_Z6kernelPh,local_load_transactions,./const_global_mem.out_local_load_transactions_const_global_mem.out,0
_Z6kernelPh,sysmem_read_utilization,./const_global_mem.out_sysmem_read_utilization_const_global_mem.out,0
_Z6kernelPh,dram_utilization,./const_global_mem.out_dram_utilization_const_global_mem.out,1
_Z6kernelPh,tex_utilization,./const_global_mem.out_tex_utilization_const_global_mem.out,0
_Z6kernelPh,inst_fp_32,./const_global_mem.out_inst_fp_32_const_global_mem.out,3357182962180
_Z6kernelPh,gst_transactions,./const_global_mem.out_gst_transactions_const_global_mem.out,66096
_Z6kernelPh,tex_cache_hit_rate,./const_global_mem.out_tex_cache_hit_rate_const_global_mem.out,56.411
_Z6kernelPh,inst_misc,./const_global_mem.out_inst_misc_const_global_mem.out,425329909305
_Z6kernelPh,warp_execution_efficiency,./const_global_mem.out_warp_execution_efficiency_const_global_mem.out,196.605
_Z6kernelPh,tex_cache_transactions,./const_global_mem.out_tex_cache_transactions_const_global_mem.out,0
_Z6kernelPh,local_load_throughput,./const_global_mem.out_local_load_throughput_const_global_mem.out,0
_Z6kernelPh,inst_issued,./const_global_mem.out_inst_issued_const_global_mem.out,1804908690
_Z6kernelPh,gld_requested_throughput,./const_global_mem.out_gld_requested_throughput_const_global_mem.out,0
_Z6kernelPh,ldst_issued,./const_global_mem.out_ldst_issued_const_global_mem.out,401079409
_Z6kernelPh,flop_count_sp_add,./const_global_mem.out_flop_count_sp_add_const_global_mem.out,1258403662536
_Z6kernelPh,flop_count_dp_mul,./const_global_mem.out_flop_count_dp_mul_const_global_mem.out,0
_Z6kernelPh,inst_inter_thread_communication,./const_global_mem.out_inst_inter_thread_communication_const_global_mem.out,0
_Z6kernelPh,flop_count_sp_special,./const_global_mem.out_flop_count_sp_special_const_global_mem.out,56231268
_Z6kernelPh,atomic_transactions_per_request,./const_global_mem.out_atomic_transactions_per_request_const_global_mem.out,0
_Z6kernelPh,flop_dp_efficiency,./const_global_mem.out_flop_dp_efficiency_const_global_mem.out,0
_Z6kernelPh,issue_slots,./const_global_mem.out_issue_slots_const_global_mem.out,1092344337
_Z6kernelPh,stall_sync,./const_global_mem.out_stall_sync_const_global_mem.out,0
_Z6kernelPh,l2_read_throughput,./const_global_mem.out_l2_read_throughput_const_global_mem.out,40882
_Z6kernelPh,stall_other,./const_global_mem.out_stall_other_const_global_mem.out,67.0116
_Z6kernelPh,stall_texture,./const_global_mem.out_stall_texture_const_global_mem.out,0
_Z6kernelPh,flop_count_dp_fma,./const_global_mem.out_flop_count_dp_fma_const_global_mem.out,0
_Z6kernelPh,cf_issued,./const_global_mem.out_cf_issued_const_global_mem.out,446386606
_Z6kernelPh,gld_transactions_per_request,./const_global_mem.out_gld_transactions_per_request_const_global_mem.out,0
_Z6kernelPh,shared_store_transactions_per_request,./const_global_mem.out_shared_store_transactions_per_request_const_global_mem.out,0
_Z6kernelPh,dram_write_throughput,./const_global_mem.out_dram_write_throughput_const_global_mem.out,126645
_Z6kernelPh,sm_efficiency,./const_global_mem.out_sm_efficiency_const_global_mem.out,71904.1
_Z6kernelPh,flop_count_sp,./const_global_mem.out_flop_count_sp_const_global_mem.out,2518453368472
_Z6kernelPh,shared_store_throughput,./const_global_mem.out_shared_store_throughput_const_global_mem.out,0
_Z6kernelPh,l2_atomic_transactions,./const_global_mem.out_l2_atomic_transactions_const_global_mem.out,0
_Z6kernelPh,l2_tex_read_transactions,./const_global_mem.out_l2_tex_read_transactions_const_global_mem.out,38191
_Z6kernelPh,dram_read_throughput,./const_global_mem.out_dram_read_throughput_const_global_mem.out,33003
_Z6kernelPh,atomic_transactions,./const_global_mem.out_atomic_transactions_const_global_mem.out,0
_Z6kernelPh,stall_exec_dependency,./const_global_mem.out_stall_exec_dependency_const_global_mem.out,13.7513
_Z6kernelPh,cf_executed,./const_global_mem.out_cf_executed_const_global_mem.out,208024146
_Z6kernelPh,flop_count_dp,./const_global_mem.out_flop_count_dp_const_global_mem.out,0
_Z6kernelPh,local_store_transactions,./const_global_mem.out_local_store_transactions_const_global_mem.out,0
_Z6kernelPh,inst_per_warp,./const_global_mem.out_inst_per_warp_const_global_mem.out,146432
_Z6kernelPh,warp_nonpred_execution_efficiency,./const_global_mem.out_warp_nonpred_execution_efficiency_const_global_mem.out,154.497
_Z6kernelPh,flop_count_dp_add,./const_global_mem.out_flop_count_dp_add_const_global_mem.out,0
_Z6kernelPh,shared_efficiency,./const_global_mem.out_shared_efficiency_const_global_mem.out,0
_Z6kernelPh,l2_utilization,./const_global_mem.out_l2_utilization_const_global_mem.out,9
_Z6kernelPh,shared_store_transactions,./const_global_mem.out_shared_store_transactions_const_global_mem.out,0
_Z6kernelPh,tex_cache_throughput,./const_global_mem.out_tex_cache_throughput_const_global_mem.out,663920932
_Z6kernelPh,local_store_throughput,./const_global_mem.out_local_store_throughput_const_global_mem.out,0
_Z6kernelPh,inst_replay_overhead,./const_global_mem.out_inst_replay_overhead_const_global_mem.out,1.4741
_Z6kernelPh,inst_bit_convert,./const_global_mem.out_inst_bit_convert_const_global_mem.out,2097152000
_Z6kernelPh,shared_load_transactions,./const_global_mem.out_shared_load_transactions_const_global_mem.out,0
_Z6kernelPh,stall_pipe_busy,./const_global_mem.out_stall_pipe_busy_const_global_mem.out,0.0524955
_Z6kernelPh,inst_fp_64,./const_global_mem.out_inst_fp_64_const_global_mem.out,0
_Z6kernelPh,gst_transactions_per_request,./const_global_mem.out_gst_transactions_per_request_const_global_mem.out,0.153278
_Z6kernelPh,local_memory_overhead,./const_global_mem.out_local_memory_overhead_const_global_mem.out,0
_Z6kernelPh,gst_efficiency,./const_global_mem.out_gst_efficiency_const_global_mem.out,182857
_Z6kernelPh,stall_memory_dependency,./const_global_mem.out_stall_memory_dependency_const_global_mem.out,54.5801
_Z6kernelPh,gld_efficiency,./const_global_mem.out_gld_efficiency_const_global_mem.out,29.166
_Z6kernelPh,l2_write_throughput,./const_global_mem.out_l2_write_throughput_const_global_mem.out,374042
_Z6kernelPh,gst_throughput,./const_global_mem.out_gst_throughput_const_global_mem.out,373992
_Z6kernelPh,l2_read_transactions,./const_global_mem.out_l2_read_transactions_const_global_mem.out,38674
_Z6kernelPh,l2_atomic_throughput,./const_global_mem.out_l2_atomic_throughput_const_global_mem.out,0
_Z6kernelPh,stall_memory_throttle,./const_global_mem.out_stall_memory_throttle_const_global_mem.out,0.00229498
_Z6kernelPh,shared_load_throughput,./const_global_mem.out_shared_load_throughput_const_global_mem.out,0
_Z6kernelPh,flop_sp_efficiency,./const_global_mem.out_flop_sp_efficiency_const_global_mem.out,52304.8
_Z6kernelPh,dram_read_transactions,./const_global_mem.out_dram_read_transactions_const_global_mem.out,2667
_Z6kernelPh,stall_not_selected,./const_global_mem.out_stall_not_selected_const_global_mem.out,0.54961
_Z6kernelPh,ldst_executed,./const_global_mem.out_ldst_executed_const_global_mem.out,442048524
_Z6kernelPh,sysmem_write_throughput,./const_global_mem.out_sysmem_write_throughput_const_global_mem.out,39
_Z6kernelPh,sysmem_write_transactions,./const_global_mem.out_sysmem_write_transactions_const_global_mem.out,1
_Z6kernelPh,gld_throughput,./const_global_mem.out_gld_throughput_const_global_mem.out,4740306707
_Z6kernelPh,gld_transactions,./const_global_mem.out_gld_transactions_const_global_mem.out,468444866
_Z6kernelPh,stall_constant_memory_dependency,./const_global_mem.out_stall_constant_memory_dependency_const_global_mem.out,0.000838744
_Z6kernelPh,stall_inst_fetch,./const_global_mem.out_stall_inst_fetch_const_global_mem.out,2.90963
_Z6kernelPh,sysmem_read_throughput,./const_global_mem.out_sysmem_read_throughput_const_global_mem.out,0
_Z6kernelPh,flop_count_sp_mul,./const_global_mem.out_flop_count_sp_mul_const_global_mem.out,1259637343304
_Z6kernelPh,shared_load_transactions_per_request,./const_global_mem.out_shared_load_transactions_per_request_const_global_mem.out,0
_Z6kernelPh,sysmem_write_utilization,./const_global_mem.out_sysmem_write_utilization_const_global_mem.out,1
_Z6kernelPh,inst_control,./const_global_mem.out_inst_control_const_global_mem.out,943830862536
_Z6kernelPh,l2_write_transactions,./const_global_mem.out_l2_write_transactions_const_global_mem.out,28687
_Z6kernelPh,gst_requested_throughput,./const_global_mem.out_gst_requested_throughput_const_global_mem.out,614349004
_Z6kernelPh,inst_compute_ld_st,./const_global_mem.out_inst_compute_ld_st_const_global_mem.out,630848583325
_Z6kernelPh,local_store_transactions_per_request,./const_global_mem.out_local_store_transactions_per_request_const_global_mem.out,0
_Z6kernelPh,sysmem_utilization,./const_global_mem.out_sysmem_utilization_const_global_mem.out,1
_Z6kernelPh,inst_integer,./const_global_mem.out_inst_integer_const_global_mem.out,427474552624
_Z6kernelPh,sysmem_read_transactions,./const_global_mem.out_sysmem_read_transactions_const_global_mem.out,0
_Z6kernelPh,inst_executed,./const_global_mem.out_inst_executed_const_global_mem.out,837551369
_Z6kernelPh,flop_count_sp_fma,./const_global_mem.out_flop_count_sp_fma_const_global_mem.out,206181316
_Z6kernelPh,local_load_transactions_per_request,./const_global_mem.out_local_load_transactions_per_request_const_global_mem.out,0
_Z6kernelPh,dram_write_transactions,./const_global_mem.out_dram_write_transactions_const_global_mem.out,8772
_Z6kernelPh,local_load_transactions,./const_global_mem.out_local_load_transactions_const_global_mem.out,0
_Z6kernelPh,sysmem_read_utilization,./const_global_mem.out_sysmem_read_utilization_const_global_mem.out,0
_Z6kernelPh,dram_utilization,./const_global_mem.out_dram_utilization_const_global_mem.out,1
_Z6kernelPh,inst_fp_32,./const_global_mem.out_inst_fp_32_const_global_mem.out,3357182962180
_Z6kernelPh,gst_transactions,./const_global_mem.out_gst_transactions_const_global_mem.out,28672
_Z6kernelPh,tex_cache_hit_rate,./const_global_mem.out_tex_cache_hit_rate_const_global_mem.out,99.0986
_Z6kernelPh,inst_misc,./const_global_mem.out_inst_misc_const_global_mem.out,845180068393
_Z6kernelPh,warp_execution_efficiency,./const_global_mem.out_warp_execution_efficiency_const_global_mem.out,205.566
_Z6kernelPh,tex_cache_transactions,./const_global_mem.out_tex_cache_transactions_const_global_mem.out,47781768
_Z6kernelPh,local_load_throughput,./const_global_mem.out_local_load_throughput_const_global_mem.out,0
_Z6kernelPh,inst_issued,./const_global_mem.out_inst_issued_const_global_mem.out,1489039264
_Z6kernelPh,gld_requested_throughput,./const_global_mem.out_gld_requested_throughput_const_global_mem.out,1344561243
_Z6kernelPh,ldst_issued,./const_global_mem.out_ldst_issued_const_global_mem.out,798953034
_Z6kernelPh,flop_count_sp_add,./const_global_mem.out_flop_count_sp_add_const_global_mem.out,1258403662536
_Z6kernelPh,flop_count_dp_mul,./const_global_mem.out_flop_count_dp_mul_const_global_mem.out,0
_Z6kernelPh,inst_inter_thread_communication,./const_global_mem.out_inst_inter_thread_communication_const_global_mem.out,0
_Z6kernelPh,flop_count_sp_special,./const_global_mem.out_flop_count_sp_special_const_global_mem.out,56231268
_Z6kernelPh,atomic_transactions_per_request,./const_global_mem.out_atomic_transactions_per_request_const_global_mem.out,0
_Z6kernelPh,flop_dp_efficiency,./const_global_mem.out_flop_dp_efficiency_const_global_mem.out,0
_Z6kernelPh,issue_slots,./const_global_mem.out_issue_slots_const_global_mem.out,1027674123
_Z6kernelPh,stall_sync,./const_global_mem.out_stall_sync_const_global_mem.out,0
_Z6kernelPh,l2_read_throughput,./const_global_mem.out_l2_read_throughput_const_global_mem.out,419673
_Z6kernelPh,stall_other,./const_global_mem.out_stall_other_const_global_mem.out,2.30434
_Z6kernelPh,stall_texture,./const_global_mem.out_stall_texture_const_global_mem.out,0.042658
_Z6kernelPh,flop_count_dp_fma,./const_global_mem.out_flop_count_dp_fma_const_global_mem.out,0
_Z6kernelPh,cf_issued,./const_global_mem.out_cf_issued_const_global_mem.out,229864901
_Z6kernelPh,gld_transactions_per_request,./const_global_mem.out_gld_transactions_per_request_const_global_mem.out,1.72448
_Z6kernelPh,shared_store_transactions_per_request,./const_global_mem.out_shared_store_transactions_per_request_const_global_mem.out,0
_Z6kernelPh,dram_write_throughput,./const_global_mem.out_dram_write_throughput_const_global_mem.out,68563
_Z6kernelPh,sm_efficiency,./const_global_mem.out_sm_efficiency_const_global_mem.out,65220.4
_Z6kernelPh,flop_count_sp,./const_global_mem.out_flop_count_sp_const_global_mem.out,2518453368472
_Z6kernelPh,shared_store_throughput,./const_global_mem.out_shared_store_throughput_const_global_mem.out,0
_Z6kernelPh,l2_atomic_transactions,./const_global_mem.out_l2_atomic_transactions_const_global_mem.out,0
_Z6kernelPh,l2_tex_read_transactions,./const_global_mem.out_l2_tex_read_transactions_const_global_mem.out,0
_Z6kernelPh,dram_read_throughput,./const_global_mem.out_dram_read_throughput_const_global_mem.out,31079
_Z6kernelPh,atomic_transactions,./const_global_mem.out_atomic_transactions_const_global_mem.out,0
_Z6kernelPh,stall_exec_dependency,./const_global_mem.out_stall_exec_dependency_const_global_mem.out,22.4474
_Z6kernelPh,cf_executed,./const_global_mem.out_cf_executed_const_global_mem.out,413280421
_Z6kernelPh,flop_count_dp,./const_global_mem.out_flop_count_dp_const_global_mem.out,0
_Z6kernelPh,local_store_transactions,./const_global_mem.out_local_store_transactions_const_global_mem.out,0
_Z6kernelPh,inst_per_warp,./const_global_mem.out_inst_per_warp_const_global_mem.out,137009
_Z6kernelPh,warp_nonpred_execution_efficiency,./const_global_mem.out_warp_nonpred_execution_efficiency_const_global_mem.out,101.71
_Z6kernelPh,flop_count_dp_add,./const_global_mem.out_flop_count_dp_add_const_global_mem.out,0
_Z6kernelPh,shared_efficiency,./const_global_mem.out_shared_efficiency_const_global_mem.out,0
_Z6kernelPh,l2_utilization,./const_global_mem.out_l2_utilization_const_global_mem.out,3
_Z6kernelPh,shared_store_transactions,./const_global_mem.out_shared_store_transactions_const_global_mem.out,0
_Z6kernelPh,tex_cache_throughput,./const_global_mem.out_tex_cache_throughput_const_global_mem.out,0
_Z6kernelPh,local_store_throughput,./const_global_mem.out_local_store_throughput_const_global_mem.out,0
_Z6kernelPh,inst_replay_overhead,./const_global_mem.out_inst_replay_overhead_const_global_mem.out,2.01358
_Z6kernelPh,inst_bit_convert,./const_global_mem.out_inst_bit_convert_const_global_mem.out,2097152000
_Z6kernelPh,shared_load_transactions,./const_global_mem.out_shared_load_transactions_const_global_mem.out,0
_Z6kernelPh,stall_pipe_busy,./const_global_mem.out_stall_pipe_busy_const_global_mem.out,0.133487
_Z6kernelPh,inst_fp_64,./const_global_mem.out_inst_fp_64_const_global_mem.out,0
_Z6kernelPh,gst_transactions_per_request,./const_global_mem.out_gst_transactions_per_request_const_global_mem.out,0.180208
_Z6kernelPh,local_memory_overhead,./const_global_mem.out_local_memory_overhead_const_global_mem.out,0
_Z6kernelPh,gst_efficiency,./const_global_mem.out_gst_efficiency_const_global_mem.out,94732.6
_Z6kernelPh,stall_memory_dependency,./const_global_mem.out_stall_memory_dependency_const_global_mem.out,0
_Z6kernelPh,gld_efficiency,./const_global_mem.out_gld_efficiency_const_global_mem.out,0
_Z6kernelPh,l2_write_throughput,./const_global_mem.out_l2_write_throughput_const_global_mem.out,492488
_Z6kernelPh,gst_throughput,./const_global_mem.out_gst_throughput_const_global_mem.out,778698
_Z6kernelPh,l2_read_transactions,./const_global_mem.out_l2_read_transactions_const_global_mem.out,3020
_Z6kernelPh,l2_atomic_throughput,./const_global_mem.out_l2_atomic_throughput_const_global_mem.out,0
_Z6kernelPh,stall_memory_throttle,./const_global_mem.out_stall_memory_throttle_const_global_mem.out,0.00203455
_Z6kernelPh,shared_load_throughput,./const_global_mem.out_shared_load_throughput_const_global_mem.out,0
_Z6kernelPh,flop_sp_efficiency,./const_global_mem.out_flop_sp_efficiency_const_global_mem.out,52309.3
_Z6kernelPh,dram_read_transactions,./const_global_mem.out_dram_read_transactions_const_global_mem.out,2972
_Z6kernelPh,stall_not_selected,./const_global_mem.out_stall_not_selected_const_global_mem.out,0.839182
_Z6kernelPh,ldst_executed,./const_global_mem.out_ldst_executed_const_global_mem.out,461913364
_Z6kernelPh,sysmem_write_throughput,./const_global_mem.out_sysmem_write_throughput_const_global_mem.out,40
_Z6kernelPh,sysmem_write_transactions,./const_global_mem.out_sysmem_write_transactions_const_global_mem.out,1
_Z6kernelPh,gld_throughput,./const_global_mem.out_gld_throughput_const_global_mem.out,0
_Z6kernelPh,gld_transactions,./const_global_mem.out_gld_transactions_const_global_mem.out,2
_Z6kernelPh,stall_constant_memory_dependency,./const_global_mem.out_stall_constant_memory_dependency_const_global_mem.out,0.00123528
_Z6kernelPh,stall_inst_fetch,./const_global_mem.out_stall_inst_fetch_const_global_mem.out,2.62303
_Z6kernelPh,sysmem_read_throughput,./const_global_mem.out_sysmem_read_throughput_const_global_mem.out,0
_Z6kernelPh,flop_count_sp_mul,./const_global_mem.out_flop_count_sp_mul_const_global_mem.out,1259637343304
_Z6kernelPh,shared_load_transactions_per_request,./const_global_mem.out_shared_load_transactions_per_request_const_global_mem.out,0
_Z6kernelPh,sysmem_write_utilization,./const_global_mem.out_sysmem_write_utilization_const_global_mem.out,1
_Z6kernelPh,inst_control,./const_global_mem.out_inst_control_const_global_mem.out,943830862536
_Z6kernelPh,l2_write_transactions,./const_global_mem.out_l2_write_transactions_const_global_mem.out,40989
_Z6kernelPh,gst_requested_throughput,./const_global_mem.out_gst_requested_throughput_const_global_mem.out,689458066
_Z6kernelPh,inst_compute_ld_st,./const_global_mem.out_inst_compute_ld_st_const_global_mem.out,840565850076
_Z6kernelPh,local_store_transactions_per_request,./const_global_mem.out_local_store_transactions_per_request_const_global_mem.out,0
_Z6kernelPh,sysmem_utilization,./const_global_mem.out_sysmem_utilization_const_global_mem.out,1
_Z6kernelPh,inst_integer,./const_global_mem.out_inst_integer_const_global_mem.out,322616952624
_Z6kernelPh,sysmem_read_transactions,./const_global_mem.out_sysmem_read_transactions_const_global_mem.out,0
_Z6kernelPh,inst_executed,./const_global_mem.out_inst_executed_const_global_mem.out,1015928463
_Z6kernelPh,flop_count_sp_fma,./const_global_mem.out_flop_count_sp_fma_const_global_mem.out,206181316
_Z6kernelPh,local_load_transactions_per_request,./const_global_mem.out_local_load_transactions_per_request_const_global_mem.out,0
_Z6kernelPh,dram_write_transactions,./const_global_mem.out_dram_write_transactions_const_global_mem.out,9631
_Z6kernelPh,local_load_transactions,./const_global_mem.out_local_load_transactions_const_global_mem.out,0
_Z6kernelPh,sysmem_read_utilization,./const_global_mem.out_sysmem_read_utilization_const_global_mem.out,0
_Z6kernelPh,dram_utilization,./const_global_mem.out_dram_utilization_const_global_mem.out,1
_Z6kernelPh,tex_utilization,./const_global_mem.out_tex_utilization_const_global_mem.out,0
_Z6kernelPh,inst_fp_32,./const_global_mem.out_inst_fp_32_const_global_mem.out,3357182962180
_Z6kernelPh,gst_transactions,./const_global_mem.out_gst_transactions_const_global_mem.out,58448
_Z6kernelPh,tex_cache_hit_rate,./const_global_mem.out_tex_cache_hit_rate_const_global_mem.out,67.0686
_Z6kernelPh,inst_misc,./const_global_mem.out_inst_misc_const_global_mem.out,425329909305
_Z6kernelPh,warp_execution_efficiency,./const_global_mem.out_warp_execution_efficiency_const_global_mem.out,243.515
_Z6kernelPh,tex_cache_transactions,./const_global_mem.out_tex_cache_transactions_const_global_mem.out,0
_Z6kernelPh,local_load_throughput,./const_global_mem.out_local_load_throughput_const_global_mem.out,0
_Z6kernelPh,inst_issued,./const_global_mem.out_inst_issued_const_global_mem.out,1314015794
_Z6kernelPh,gld_requested_throughput,./const_global_mem.out_gld_requested_throughput_const_global_mem.out,0
_Z6kernelPh,ldst_issued,./const_global_mem.out_ldst_issued_const_global_mem.out,478771075
_Z6kernelPh,flop_count_sp_add,./const_global_mem.out_flop_count_sp_add_const_global_mem.out,1258403662536
_Z6kernelPh,flop_count_dp_mul,./const_global_mem.out_flop_count_dp_mul_const_global_mem.out,0
_Z6kernelPh,inst_inter_thread_communication,./const_global_mem.out_inst_inter_thread_communication_const_global_mem.out,0
_Z6kernelPh,flop_count_sp_special,./const_global_mem.out_flop_count_sp_special_const_global_mem.out,56231268
_Z6kernelPh,atomic_transactions_per_request,./const_global_mem.out_atomic_transactions_per_request_const_global_mem.out,0
_Z6kernelPh,flop_dp_efficiency,./const_global_mem.out_flop_dp_efficiency_const_global_mem.out,0
_Z6kernelPh,issue_slots,./const_global_mem.out_issue_slots_const_global_mem.out,1050748716
_Z6kernelPh,stall_sync,./const_global_mem.out_stall_sync_const_global_mem.out,0
_Z6kernelPh,l2_read_throughput,./const_global_mem.out_l2_read_throughput_const_global_mem.out,40778
_Z6kernelPh,stall_other,./const_global_mem.out_stall_other_const_global_mem.out,66.1775
_Z6kernelPh,stall_texture,./const_global_mem.out_stall_texture_const_global_mem.out,0
_Z6kernelPh,flop_count_dp_fma,./const_global_mem.out_flop_count_dp_fma_const_global_mem.out,0
_Z6kernelPh,cf_issued,./const_global_mem.out_cf_issued_const_global_mem.out,448420000
_Z6kernelPh,gld_transactions_per_request,./const_global_mem.out_gld_transactions_per_request_const_global_mem.out,0
_Z6kernelPh,shared_store_transactions_per_request,./const_global_mem.out_shared_store_transactions_per_request_const_global_mem.out,0
_Z6kernelPh,dram_write_throughput,./const_global_mem.out_dram_write_throughput_const_global_mem.out,140862
_Z6kernelPh,sm_efficiency,./const_global_mem.out_sm_efficiency_const_global_mem.out,64934.9
_Z6kernelPh,flop_count_sp,./const_global_mem.out_flop_count_sp_const_global_mem.out,2518453368472
_Z6kernelPh,shared_store_throughput,./const_global_mem.out_shared_store_throughput_const_global_mem.out,0
_Z6kernelPh,l2_atomic_transactions,./const_global_mem.out_l2_atomic_transactions_const_global_mem.out,0
_Z6kernelPh,l2_tex_read_transactions,./const_global_mem.out_l2_tex_read_transactions_const_global_mem.out,35989
_Z6kernelPh,dram_read_throughput,./const_global_mem.out_dram_read_throughput_const_global_mem.out,35674
_Z6kernelPh,atomic_transactions,./const_global_mem.out_atomic_transactions_const_global_mem.out,0
_Z6kernelPh,stall_exec_dependency,./const_global_mem.out_stall_exec_dependency_const_global_mem.out,14.0456
_Z6kernelPh,cf_executed,./const_global_mem.out_cf_executed_const_global_mem.out,222461534
_Z6kernelPh,flop_count_dp,./const_global_mem.out_flop_count_dp_const_global_mem.out,0
_Z6kernelPh,local_store_transactions,./const_global_mem.out_local_store_transactions_const_global_mem.out,0
_Z6kernelPh,inst_per_warp,./const_global_mem.out_inst_per_warp_const_global_mem.out,132688
_Z6kernelPh,warp_nonpred_execution_efficiency,./const_global_mem.out_warp_nonpred_execution_efficiency_const_global_mem.out,146.132
_Z6kernelPh,flop_count_dp_add,./const_global_mem.out_flop_count_dp_add_const_global_mem.out,0
_Z6kernelPh,shared_efficiency,./const_global_mem.out_shared_efficiency_const_global_mem.out,0
_Z6kernelPh,shared_store_transactions,./const_global_mem.out_shared_store_transactions_const_global_mem.out,0
_Z6kernelPh,tex_cache_throughput,./const_global_mem.out_tex_cache_throughput_const_global_mem.out,621345408
_Z6kernelPh,local_store_throughput,./const_global_mem.out_local_store_throughput_const_global_mem.out,0
_Z6kernelPh,inst_replay_overhead,./const_global_mem.out_inst_replay_overhead_const_global_mem.out,1.42689
_Z6kernelPh,inst_bit_convert,./const_global_mem.out_inst_bit_convert_const_global_mem.out,2097152000
_Z6kernelPh,shared_load_transactions,./const_global_mem.out_shared_load_transactions_const_global_mem.out,0
_Z6kernelPh,stall_pipe_busy,./const_global_mem.out_stall_pipe_busy_const_global_mem.out,0.0593818
_Z6kernelPh,inst_fp_64,./const_global_mem.out_inst_fp_64_const_global_mem.out,0
_Z6kernelPh,gst_transactions_per_request,./const_global_mem.out_gst_transactions_per_request_const_global_mem.out,0.0972222
_Z6kernelPh,local_memory_overhead,./const_global_mem.out_local_memory_overhead_const_global_mem.out,0
_Z6kernelPh,gst_efficiency,./const_global_mem.out_gst_efficiency_const_global_mem.out,181641
_Z6kernelPh,stall_memory_dependency,./const_global_mem.out_stall_memory_dependency_const_global_mem.out,59.3309
_Z6kernelPh,gld_efficiency,./const_global_mem.out_gld_efficiency_const_global_mem.out,29.166
_Z6kernelPh,l2_write_throughput,./const_global_mem.out_l2_write_throughput_const_global_mem.out,372620
_Z6kernelPh,gst_throughput,./const_global_mem.out_gst_throughput_const_global_mem.out,372347
_Z6kernelPh,l2_read_transactions,./const_global_mem.out_l2_read_transactions_const_global_mem.out,41845
_Z6kernelPh,l2_atomic_throughput,./const_global_mem.out_l2_atomic_throughput_const_global_mem.out,0
_Z6kernelPh,stall_memory_throttle,./const_global_mem.out_stall_memory_throttle_const_global_mem.out,0.00313365
_Z6kernelPh,shared_load_throughput,./const_global_mem.out_shared_load_throughput_const_global_mem.out,0
_Z6kernelPh,flop_sp_efficiency,./const_global_mem.out_flop_sp_efficiency_const_global_mem.out,52395.8
_Z6kernelPh,dram_read_transactions,./const_global_mem.out_dram_read_transactions_const_global_mem.out,2822
_Z6kernelPh,stall_not_selected,./const_global_mem.out_stall_not_selected_const_global_mem.out,0.441243
_Z6kernelPh,ldst_executed,./const_global_mem.out_ldst_executed_const_global_mem.out,421228079
_Z6kernelPh,sysmem_write_throughput,./const_global_mem.out_sysmem_write_throughput_const_global_mem.out,12
_Z6kernelPh,sysmem_write_transactions,./const_global_mem.out_sysmem_write_transactions_const_global_mem.out,1
_Z6kernelPh,gld_throughput,./const_global_mem.out_gld_throughput_const_global_mem.out,4724814994
_Z6kernelPh,gld_transactions,./const_global_mem.out_gld_transactions_const_global_mem.out,722908042
_Z6kernelPh,stall_constant_memory_dependency,./const_global_mem.out_stall_constant_memory_dependency_const_global_mem.out,0.000738686
_Z6kernelPh,stall_inst_fetch,./const_global_mem.out_stall_inst_fetch_const_global_mem.out,3.24079
_Z6kernelPh,sysmem_read_throughput,./const_global_mem.out_sysmem_read_throughput_const_global_mem.out,0
_Z6kernelPh,flop_count_sp_mul,./const_global_mem.out_flop_count_sp_mul_const_global_mem.out,1259637343304
_Z6kernelPh,shared_load_transactions_per_request,./const_global_mem.out_shared_load_transactions_per_request_const_global_mem.out,0
_Z6kernelPh,sysmem_write_utilization,./const_global_mem.out_sysmem_write_utilization_const_global_mem.out,1
_Z6kernelPh,inst_control,./const_global_mem.out_inst_control_const_global_mem.out,943830862536
_Z6kernelPh,l2_write_transactions,./const_global_mem.out_l2_write_transactions_const_global_mem.out,28685
_Z6kernelPh,gst_requested_throughput,./const_global_mem.out_gst_requested_throughput_const_global_mem.out,613582552
_Z6kernelPh,inst_compute_ld_st,./const_global_mem.out_inst_compute_ld_st_const_global_mem.out,630848583325
_Z6kernelPh,local_store_transactions_per_request,./const_global_mem.out_local_store_transactions_per_request_const_global_mem.out,0
_Z6kernelPh,sysmem_utilization,./const_global_mem.out_sysmem_utilization_const_global_mem.out,1
_Z6kernelPh,inst_integer,./const_global_mem.out_inst_integer_const_global_mem.out,427474552624
_Z6kernelPh,sysmem_read_transactions,./const_global_mem.out_sysmem_read_transactions_const_global_mem.out,0
_Z6kernelPh,inst_executed,./const_global_mem.out_inst_executed_const_global_mem.out,802501591
_Z6kernelPh,flop_count_sp_fma,./const_global_mem.out_flop_count_sp_fma_const_global_mem.out,206181316
_Z6kernelPh,local_load_transactions_per_request,./const_global_mem.out_local_load_transactions_per_request_const_global_mem.out,0
_Z6kernelPh,dram_write_transactions,./const_global_mem.out_dram_write_transactions_const_global_mem.out,8303
_Z6kernelPh,local_load_transactions,./const_global_mem.out_local_load_transactions_const_global_mem.out,0
_Z6kernelPh,sysmem_read_utilization,./const_global_mem.out_sysmem_read_utilization_const_global_mem.out,0
_Z6kernelPh,dram_utilization,./const_global_mem.out_dram_utilization_const_global_mem.out,1
_Z6kernelPh,inst_fp_32,./const_global_mem.out_inst_fp_32_const_global_mem.out,3357182962180
_Z6kernelPh,gst_transactions,./const_global_mem.out_gst_transactions_const_global_mem.out,28672
_Z6kernelPh,tex_cache_hit_rate,./const_global_mem.out_tex_cache_hit_rate_const_global_mem.out,99.0985
_Z6kernelPh,inst_misc,./const_global_mem.out_inst_misc_const_global_mem.out,845180068393
_Z6kernelPh,warp_execution_efficiency,./const_global_mem.out_warp_execution_efficiency_const_global_mem.out,204.069
_Z6kernelPh,tex_cache_transactions,./const_global_mem.out_tex_cache_transactions_const_global_mem.out,45590770
_Z6kernelPh,local_load_throughput,./const_global_mem.out_local_load_throughput_const_global_mem.out,0
_Z6kernelPh,inst_issued,./const_global_mem.out_inst_issued_const_global_mem.out,1576562733
_Z6kernelPh,gld_requested_throughput,./const_global_mem.out_gld_requested_throughput_const_global_mem.out,1343886444
_Z6kernelPh,ldst_issued,./const_global_mem.out_ldst_issued_const_global_mem.out,795545342
_Z6kernelPh,flop_count_sp_add,./const_global_mem.out_flop_count_sp_add_const_global_mem.out,1258403662536
_Z6kernelPh,flop_count_dp_mul,./const_global_mem.out_flop_count_dp_mul_const_global_mem.out,0
_Z6kernelPh,inst_inter_thread_communication,./const_global_mem.out_inst_inter_thread_communication_const_global_mem.out,0
_Z6kernelPh,flop_count_sp_special,./const_global_mem.out_flop_count_sp_special_const_global_mem.out,56231268
_Z6kernelPh,atomic_transactions_per_request,./const_global_mem.out_atomic_transactions_per_request_const_global_mem.out,0
_Z6kernelPh,flop_dp_efficiency,./const_global_mem.out_flop_dp_efficiency_const_global_mem.out,0
_Z6kernelPh,issue_slots,./const_global_mem.out_issue_slots_const_global_mem.out,1098725154
_Z6kernelPh,stall_sync,./const_global_mem.out_stall_sync_const_global_mem.out,0
_Z6kernelPh,l2_read_throughput,./const_global_mem.out_l2_read_throughput_const_global_mem.out,494051
_Z6kernelPh,stall_other,./const_global_mem.out_stall_other_const_global_mem.out,2.30607
_Z6kernelPh,stall_texture,./const_global_mem.out_stall_texture_const_global_mem.out,0.0609698
_Z6kernelPh,flop_count_dp_fma,./const_global_mem.out_flop_count_dp_fma_const_global_mem.out,0
_Z6kernelPh,cf_issued,./const_global_mem.out_cf_issued_const_global_mem.out,197443427
_Z6kernelPh,gld_transactions_per_request,./const_global_mem.out_gld_transactions_per_request_const_global_mem.out,1.60691
_Z6kernelPh,shared_store_transactions_per_request,./const_global_mem.out_shared_store_transactions_per_request_const_global_mem.out,0
_Z6kernelPh,dram_write_throughput,./const_global_mem.out_dram_write_throughput_const_global_mem.out,109048
_Z6kernelPh,sm_efficiency,./const_global_mem.out_sm_efficiency_const_global_mem.out,70377.3
_Z6kernelPh,flop_count_sp,./const_global_mem.out_flop_count_sp_const_global_mem.out,2518453368472
_Z6kernelPh,shared_store_throughput,./const_global_mem.out_shared_store_throughput_const_global_mem.out,0
_Z6kernelPh,l2_atomic_transactions,./const_global_mem.out_l2_atomic_transactions_const_global_mem.out,0
_Z6kernelPh,l2_tex_read_transactions,./const_global_mem.out_l2_tex_read_transactions_const_global_mem.out,0
_Z6kernelPh,dram_read_throughput,./const_global_mem.out_dram_read_throughput_const_global_mem.out,35027
_Z6kernelPh,atomic_transactions,./const_global_mem.out_atomic_transactions_const_global_mem.out,298903171
_Z6kernelPh,stall_exec_dependency,./const_global_mem.out_stall_exec_dependency_const_global_mem.out,20.0535
_Z6kernelPh,cf_executed,./const_global_mem.out_cf_executed_const_global_mem.out,467305803
_Z6kernelPh,flop_count_dp,./const_global_mem.out_flop_count_dp_const_global_mem.out,0
_Z6kernelPh,local_store_transactions,./const_global_mem.out_local_store_transactions_const_global_mem.out,0
_Z6kernelPh,inst_per_warp,./const_global_mem.out_inst_per_warp_const_global_mem.out,89008.4
_Z6kernelPh,warp_nonpred_execution_efficiency,./const_global_mem.out_warp_nonpred_execution_efficiency_const_global_mem.out,138.808
_Z6kernelPh,flop_count_dp_add,./const_global_mem.out_flop_count_dp_add_const_global_mem.out,0
_Z6kernelPh,shared_efficiency,./const_global_mem.out_shared_efficiency_const_global_mem.out,0
_Z6kernelPh,l2_utilization,./const_global_mem.out_l2_utilization_const_global_mem.out,4
_Z6kernelPh,shared_store_transactions,./const_global_mem.out_shared_store_transactions_const_global_mem.out,0
_Z6kernelPh,tex_cache_throughput,./const_global_mem.out_tex_cache_throughput_const_global_mem.out,0
_Z6kernelPh,local_store_throughput,./const_global_mem.out_local_store_throughput_const_global_mem.out,0
_Z6kernelPh,inst_replay_overhead,./const_global_mem.out_inst_replay_overhead_const_global_mem.out,1.41478
_Z6kernelPh,inst_bit_convert,./const_global_mem.out_inst_bit_convert_const_global_mem.out,2097152000
_Z6kernelPh,shared_load_transactions,./const_global_mem.out_shared_load_transactions_const_global_mem.out,0
_Z6kernelPh,stall_pipe_busy,./const_global_mem.out_stall_pipe_busy_const_global_mem.out,0.100574
_Z6kernelPh,inst_fp_64,./const_global_mem.out_inst_fp_64_const_global_mem.out,0
_Z6kernelPh,gst_transactions_per_request,./const_global_mem.out_gst_transactions_per_request_const_global_mem.out,0.18752
_Z6kernelPh,local_memory_overhead,./const_global_mem.out_local_memory_overhead_const_global_mem.out,0
_Z6kernelPh,gst_efficiency,./const_global_mem.out_gst_efficiency_const_global_mem.out,91915.8
_Z6kernelPh,stall_memory_dependency,./const_global_mem.out_stall_memory_dependency_const_global_mem.out,0
_Z6kernelPh,gld_efficiency,./const_global_mem.out_gld_efficiency_const_global_mem.out,0
_Z6kernelPh,l2_write_throughput,./const_global_mem.out_l2_write_throughput_const_global_mem.out,660177
_Z6kernelPh,gst_throughput,./const_global_mem.out_gst_throughput_const_global_mem.out,763303
_Z6kernelPh,l2_read_transactions,./const_global_mem.out_l2_read_transactions_const_global_mem.out,3189
_Z6kernelPh,l2_atomic_throughput,./const_global_mem.out_l2_atomic_throughput_const_global_mem.out,0
_Z6kernelPh,stall_memory_throttle,./const_global_mem.out_stall_memory_throttle_const_global_mem.out,0.00183928
_Z6kernelPh,shared_load_throughput,./const_global_mem.out_shared_load_throughput_const_global_mem.out,0
_Z6kernelPh,flop_sp_efficiency,./const_global_mem.out_flop_sp_efficiency_const_global_mem.out,43587
_Z6kernelPh,dram_read_transactions,./const_global_mem.out_dram_read_transactions_const_global_mem.out,2823
_Z6kernelPh,stall_not_selected,./const_global_mem.out_stall_not_selected_const_global_mem.out,0.798038
_Z6kernelPh,ldst_executed,./const_global_mem.out_ldst_executed_const_global_mem.out,953357946
_Z6kernelPh,sysmem_write_throughput,./const_global_mem.out_sysmem_write_throughput_const_global_mem.out,13
_Z6kernelPh,sysmem_write_transactions,./const_global_mem.out_sysmem_write_transactions_const_global_mem.out,1
_Z6kernelPh,gld_throughput,./const_global_mem.out_gld_throughput_const_global_mem.out,0
_Z6kernelPh,gld_transactions,./const_global_mem.out_gld_transactions_const_global_mem.out,2
_Z6kernelPh,stall_constant_memory_dependency,./const_global_mem.out_stall_constant_memory_dependency_const_global_mem.out,0.00114794
_Z6kernelPh,stall_inst_fetch,./const_global_mem.out_stall_inst_fetch_const_global_mem.out,3.45323
_Z6kernelPh,sysmem_read_throughput,./const_global_mem.out_sysmem_read_throughput_const_global_mem.out,0
_Z6kernelPh,flop_count_sp_mul,./const_global_mem.out_flop_count_sp_mul_const_global_mem.out,1259637343304
_Z6kernelPh,shared_load_transactions_per_request,./const_global_mem.out_shared_load_transactions_per_request_const_global_mem.out,0
_Z6kernelPh,sysmem_write_utilization,./const_global_mem.out_sysmem_write_utilization_const_global_mem.out,1
_Z6kernelPh,inst_control,./const_global_mem.out_inst_control_const_global_mem.out,943830862536
_Z6kernelPh,l2_write_transactions,./const_global_mem.out_l2_write_transactions_const_global_mem.out,43741
_Z6kernelPh,gst_requested_throughput,./const_global_mem.out_gst_requested_throughput_const_global_mem.out,691772343
_Z6kernelPh,inst_compute_ld_st,./const_global_mem.out_inst_compute_ld_st_const_global_mem.out,840565850076
_Z6kernelPh,local_store_transactions_per_request,./const_global_mem.out_local_store_transactions_per_request_const_global_mem.out,0
_Z6kernelPh,sysmem_utilization,./const_global_mem.out_sysmem_utilization_const_global_mem.out,1
_Z6kernelPh,inst_integer,./const_global_mem.out_inst_integer_const_global_mem.out,322616952624
_Z6kernelPh,sysmem_read_transactions,./const_global_mem.out_sysmem_read_transactions_const_global_mem.out,0
_Z6kernelPh,inst_executed,./const_global_mem.out_inst_executed_const_global_mem.out,1059173760
_Z6kernelPh,flop_count_sp_fma,./const_global_mem.out_flop_count_sp_fma_const_global_mem.out,206181316
_Z6kernelPh,local_load_transactions_per_request,./const_global_mem.out_local_load_transactions_per_request_const_global_mem.out,0
_Z6kernelPh,dram_write_transactions,./const_global_mem.out_dram_write_transactions_const_global_mem.out,9930
_Z6kernelPh,local_load_transactions,./const_global_mem.out_local_load_transactions_const_global_mem.out,0
_Z6kernelPh,sysmem_read_utilization,./const_global_mem.out_sysmem_read_utilization_const_global_mem.out,0
_Z6kernelPh,dram_utilization,./const_global_mem.out_dram_utilization_const_global_mem.out,1
_Z6kernelPh,tex_utilization,./const_global_mem.out_tex_utilization_const_global_mem.out,0
_Z6kernelPh,inst_fp_32,./const_global_mem.out_inst_fp_32_const_global_mem.out,3357182962180
_Z6kernelPh,gst_transactions,./const_global_mem.out_gst_transactions_const_global_mem.out,27904
_Z6kernelPh,tex_cache_hit_rate,./const_global_mem.out_tex_cache_hit_rate_const_global_mem.out,53.7774
_Z6kernelPh,inst_misc,./const_global_mem.out_inst_misc_const_global_mem.out,425329909305
_Z6kernelPh,warp_execution_efficiency,./const_global_mem.out_warp_execution_efficiency_const_global_mem.out,202.048
_Z6kernelPh,tex_cache_transactions,./const_global_mem.out_tex_cache_transactions_const_global_mem.out,0
_Z6kernelPh,local_load_throughput,./const_global_mem.out_local_load_throughput_const_global_mem.out,0
_Z6kernelPh,inst_issued,./const_global_mem.out_inst_issued_const_global_mem.out,1803974140
_Z6kernelPh,gld_requested_throughput,./const_global_mem.out_gld_requested_throughput_const_global_mem.out,0
_Z6kernelPh,ldst_issued,./const_global_mem.out_ldst_issued_const_global_mem.out,460192476
_Z6kernelPh,flop_count_sp_add,./const_global_mem.out_flop_count_sp_add_const_global_mem.out,1258403662536
_Z6kernelPh,flop_count_dp_mul,./const_global_mem.out_flop_count_dp_mul_const_global_mem.out,0
_Z6kernelPh,inst_inter_thread_communication,./const_global_mem.out_inst_inter_thread_communication_const_global_mem.out,0
_Z6kernelPh,flop_count_sp_special,./const_global_mem.out_flop_count_sp_special_const_global_mem.out,56231268
_Z6kernelPh,atomic_transactions_per_request,./const_global_mem.out_atomic_transactions_per_request_const_global_mem.out,0
_Z6kernelPh,flop_dp_efficiency,./const_global_mem.out_flop_dp_efficiency_const_global_mem.out,0
_Z6kernelPh,issue_slots,./const_global_mem.out_issue_slots_const_global_mem.out,375967579
_Z6kernelPh,stall_sync,./const_global_mem.out_stall_sync_const_global_mem.out,0
_Z6kernelPh,l2_read_throughput,./const_global_mem.out_l2_read_throughput_const_global_mem.out,40897
_Z6kernelPh,stall_other,./const_global_mem.out_stall_other_const_global_mem.out,62.1663
_Z6kernelPh,stall_texture,./const_global_mem.out_stall_texture_const_global_mem.out,5.24818e-09
_Z6kernelPh,flop_count_dp_fma,./const_global_mem.out_flop_count_dp_fma_const_global_mem.out,0
_Z6kernelPh,cf_issued,./const_global_mem.out_cf_issued_const_global_mem.out,372653071
_Z6kernelPh,gld_transactions_per_request,./const_global_mem.out_gld_transactions_per_request_const_global_mem.out,0
_Z6kernelPh,shared_store_transactions_per_request,./const_global_mem.out_shared_store_transactions_per_request_const_global_mem.out,0
_Z6kernelPh,dram_write_throughput,./const_global_mem.out_dram_write_throughput_const_global_mem.out,123759
_Z6kernelPh,sm_efficiency,./const_global_mem.out_sm_efficiency_const_global_mem.out,211878
_Z6kernelPh,flop_count_sp,./const_global_mem.out_flop_count_sp_const_global_mem.out,2518453368472
_Z6kernelPh,shared_store_throughput,./const_global_mem.out_shared_store_throughput_const_global_mem.out,0
_Z6kernelPh,l2_atomic_transactions,./const_global_mem.out_l2_atomic_transactions_const_global_mem.out,0
_Z6kernelPh,l2_tex_read_transactions,./const_global_mem.out_l2_tex_read_transactions_const_global_mem.out,33104
_Z6kernelPh,dram_read_throughput,./const_global_mem.out_dram_read_throughput_const_global_mem.out,33152
_Z6kernelPh,atomic_transactions,./const_global_mem.out_atomic_transactions_const_global_mem.out,0
_Z6kernelPh,stall_exec_dependency,./const_global_mem.out_stall_exec_dependency_const_global_mem.out,16.1312
_Z6kernelPh,cf_executed,./const_global_mem.out_cf_executed_const_global_mem.out,231716471
_Z6kernelPh,flop_count_dp,./const_global_mem.out_flop_count_dp_const_global_mem.out,0
_Z6kernelPh,local_store_transactions,./const_global_mem.out_local_store_transactions_const_global_mem.out,0
_Z6kernelPh,inst_per_warp,./const_global_mem.out_inst_per_warp_const_global_mem.out,167563
_Z6kernelPh,warp_nonpred_execution_efficiency,./const_global_mem.out_warp_nonpred_execution_efficiency_const_global_mem.out,149.163
_Z6kernelPh,flop_count_dp_add,./const_global_mem.out_flop_count_dp_add_const_global_mem.out,0
_Z6kernelPh,shared_efficiency,./const_global_mem.out_shared_efficiency_const_global_mem.out,0
_Z6kernelPh,l2_utilization,./const_global_mem.out_l2_utilization_const_global_mem.out,9
_Z6kernelPh,shared_store_transactions,./const_global_mem.out_shared_store_transactions_const_global_mem.out,0
_Z6kernelPh,tex_cache_throughput,./const_global_mem.out_tex_cache_throughput_const_global_mem.out,642086965
_Z6kernelPh,local_store_throughput,./const_global_mem.out_local_store_throughput_const_global_mem.out,0
_Z6kernelPh,inst_replay_overhead,./const_global_mem.out_inst_replay_overhead_const_global_mem.out,1.58449
_Z6kernelPh,inst_bit_convert,./const_global_mem.out_inst_bit_convert_const_global_mem.out,2097152000
_Z6kernelPh,shared_load_transactions,./const_global_mem.out_shared_load_transactions_const_global_mem.out,0
_Z6kernelPh,stall_pipe_busy,./const_global_mem.out_stall_pipe_busy_const_global_mem.out,0.0939552
_Z6kernelPh,inst_fp_64,./const_global_mem.out_inst_fp_64_const_global_mem.out,0
_Z6kernelPh,gst_transactions_per_request,./const_global_mem.out_gst_transactions_per_request_const_global_mem.out,0.0970235
_Z6kernelPh,local_memory_overhead,./const_global_mem.out_local_memory_overhead_const_global_mem.out,0
_Z6kernelPh,gst_efficiency,./const_global_mem.out_gst_efficiency_const_global_mem.out,182857
_Z6kernelPh,stall_memory_dependency,./const_global_mem.out_stall_memory_dependency_const_global_mem.out,59.74
_Z6kernelPh,gld_efficiency,./const_global_mem.out_gld_efficiency_const_global_mem.out,29.166
_Z6kernelPh,l2_write_throughput,./const_global_mem.out_l2_write_throughput_const_global_mem.out,373533
_Z6kernelPh,gst_throughput,./const_global_mem.out_gst_throughput_const_global_mem.out,373315
_Z6kernelPh,l2_read_transactions,./const_global_mem.out_l2_read_transactions_const_global_mem.out,33458
_Z6kernelPh,l2_atomic_throughput,./const_global_mem.out_l2_atomic_throughput_const_global_mem.out,0
_Z6kernelPh,stall_memory_throttle,./const_global_mem.out_stall_memory_throttle_const_global_mem.out,0.00283521
_Z6kernelPh,shared_load_throughput,./const_global_mem.out_shared_load_throughput_const_global_mem.out,0
_Z6kernelPh,flop_sp_efficiency,./const_global_mem.out_flop_sp_efficiency_const_global_mem.out,58971.5
_Z6kernelPh,dram_read_transactions,./const_global_mem.out_dram_read_transactions_const_global_mem.out,2257
_Z6kernelPh,stall_not_selected,./const_global_mem.out_stall_not_selected_const_global_mem.out,0.527287
_Z6kernelPh,ldst_executed,./const_global_mem.out_ldst_executed_const_global_mem.out,403165763
_Z6kernelPh,sysmem_write_throughput,./const_global_mem.out_sysmem_write_throughput_const_global_mem.out,39
_Z6kernelPh,sysmem_write_transactions,./const_global_mem.out_sysmem_write_transactions_const_global_mem.out,3
_Z6kernelPh,gld_throughput,./const_global_mem.out_gld_throughput_const_global_mem.out,4734708882
_Z6kernelPh,gld_transactions,./const_global_mem.out_gld_transactions_const_global_mem.out,598438542
_Z6kernelPh,stall_constant_memory_dependency,./const_global_mem.out_stall_constant_memory_dependency_const_global_mem.out,0.000773329
_Z6kernelPh,stall_inst_fetch,./const_global_mem.out_stall_inst_fetch_const_global_mem.out,2.47947
_Z6kernelPh,sysmem_read_throughput,./const_global_mem.out_sysmem_read_throughput_const_global_mem.out,0
_Z6kernelPh,flop_count_sp_mul,./const_global_mem.out_flop_count_sp_mul_const_global_mem.out,1259637343304
_Z6kernelPh,shared_load_transactions_per_request,./const_global_mem.out_shared_load_transactions_per_request_const_global_mem.out,0
_Z6kernelPh,sysmem_write_utilization,./const_global_mem.out_sysmem_write_utilization_const_global_mem.out,1
_Z6kernelPh,inst_control,./const_global_mem.out_inst_control_const_global_mem.out,943830862536
_Z6kernelPh,l2_write_transactions,./const_global_mem.out_l2_write_transactions_const_global_mem.out,28685
_Z6kernelPh,gst_requested_throughput,./const_global_mem.out_gst_requested_throughput_const_global_mem.out,614886709
_Z6kernelPh,inst_compute_ld_st,./const_global_mem.out_inst_compute_ld_st_const_global_mem.out,630848583325
_Z6kernelPh,local_store_transactions_per_request,./const_global_mem.out_local_store_transactions_per_request_const_global_mem.out,0
_Z6kernelPh,sysmem_utilization,./const_global_mem.out_sysmem_utilization_const_global_mem.out,1
_Z6kernelPh,inst_integer,./const_global_mem.out_inst_integer_const_global_mem.out,427474552624
_Z6kernelPh,sysmem_read_transactions,./const_global_mem.out_sysmem_read_transactions_const_global_mem.out,0
_Z6kernelPh,inst_executed,./const_global_mem.out_inst_executed_const_global_mem.out,805337059
_Z6kernelPh,flop_count_sp_fma,./const_global_mem.out_flop_count_sp_fma_const_global_mem.out,206181316
_Z6kernelPh,local_load_transactions_per_request,./const_global_mem.out_local_load_transactions_per_request_const_global_mem.out,0
_Z6kernelPh,dram_write_transactions,./const_global_mem.out_dram_write_transactions_const_global_mem.out,8294
_Z6kernelPh,local_load_transactions,./const_global_mem.out_local_load_transactions_const_global_mem.out,0
_Z6kernelPh,sysmem_read_utilization,./const_global_mem.out_sysmem_read_utilization_const_global_mem.out,0
_Z6kernelPh,dram_utilization,./const_global_mem.out_dram_utilization_const_global_mem.out,1
_Z6kernelPh,inst_fp_32,./const_global_mem.out_inst_fp_32_const_global_mem.out,3357182962180
_Z6kernelPh,gst_transactions,./const_global_mem.out_gst_transactions_const_global_mem.out,28672
_Z6kernelPh,tex_cache_hit_rate,./const_global_mem.out_tex_cache_hit_rate_const_global_mem.out,99.0447
_Z6kernelPh,inst_misc,./const_global_mem.out_inst_misc_const_global_mem.out,845180068393
_Z6kernelPh,warp_execution_efficiency,./const_global_mem.out_warp_execution_efficiency_const_global_mem.out,203.398
_Z6kernelPh,tex_cache_transactions,./const_global_mem.out_tex_cache_transactions_const_global_mem.out,47591905
_Z6kernelPh,local_load_throughput,./const_global_mem.out_local_load_throughput_const_global_mem.out,0
_Z6kernelPh,inst_issued,./const_global_mem.out_inst_issued_const_global_mem.out,1403630630
_Z6kernelPh,gld_requested_throughput,./const_global_mem.out_gld_requested_throughput_const_global_mem.out,1346620862
_Z6kernelPh,ldst_issued,./const_global_mem.out_ldst_issued_const_global_mem.out,881537999
_Z6kernelPh,flop_count_sp_add,./const_global_mem.out_flop_count_sp_add_const_global_mem.out,1258403662536
_Z6kernelPh,flop_count_dp_mul,./const_global_mem.out_flop_count_dp_mul_const_global_mem.out,0
_Z6kernelPh,inst_inter_thread_communication,./const_global_mem.out_inst_inter_thread_communication_const_global_mem.out,0
_Z6kernelPh,flop_count_sp_special,./const_global_mem.out_flop_count_sp_special_const_global_mem.out,56231268
_Z6kernelPh,atomic_transactions_per_request,./const_global_mem.out_atomic_transactions_per_request_const_global_mem.out,0
_Z6kernelPh,flop_dp_efficiency,./const_global_mem.out_flop_dp_efficiency_const_global_mem.out,0
_Z6kernelPh,issue_slots,./const_global_mem.out_issue_slots_const_global_mem.out,990458633
_Z6kernelPh,stall_sync,./const_global_mem.out_stall_sync_const_global_mem.out,0
_Z6kernelPh,l2_read_throughput,./const_global_mem.out_l2_read_throughput_const_global_mem.out,477963
_Z6kernelPh,stall_other,./const_global_mem.out_stall_other_const_global_mem.out,2.54561
_Z6kernelPh,stall_texture,./const_global_mem.out_stall_texture_const_global_mem.out,0.0552287
_Z6kernelPh,flop_count_dp_fma,./const_global_mem.out_flop_count_dp_fma_const_global_mem.out,0
_Z6kernelPh,cf_issued,./const_global_mem.out_cf_issued_const_global_mem.out,238047079
_Z6kernelPh,gld_transactions_per_request,./const_global_mem.out_gld_transactions_per_request_const_global_mem.out,1.75406
_Z6kernelPh,shared_store_transactions_per_request,./const_global_mem.out_shared_store_transactions_per_request_const_global_mem.out,0
_Z6kernelPh,dram_write_throughput,./const_global_mem.out_dram_write_throughput_const_global_mem.out,109921


_Z6kernelPh,sm_efficiency,./const_global_mem.out_sm_efficiency_const_global_mem.out,14723.2
_Z6kernelPh,flop_count_sp,./const_global_mem.out_flop_count_sp_const_global_mem.out,2459565876944456996
_Z6kernelPh,shared_store_throughput,./const_global_mem.out_shared_store_throughput_const_global_mem.out,0
_Z6kernelPh,ipc,./const_global_mem.out_ipc_const_global_mem.out,1.86096
_Z6kernelPh,l2_atomic_transactions,./const_global_mem.out_l2_atomic_transactions_const_global_mem.out,0
_Z6kernelPh,l2_tex_read_transactions,./const_global_mem.out_l2_tex_read_transactions_const_global_mem.out,0
_Z6kernelPh,dram_read_throughput,./const_global_mem.out_dram_read_throughput_const_global_mem.out,3263
_Z6kernelPh,atomic_transactions,./const_global_mem.out_atomic_transactions_const_global_mem.out,0
_Z6kernelPh,stall_exec_dependency,./const_global_mem.out_stall_exec_dependency_const_global_mem.out,20.3421
_Z6kernelPh,cf_executed,./const_global_mem.out_cf_executed_const_global_mem.out,134752216
_Z6kernelPh,flop_count_dp,./const_global_mem.out_flop_count_dp_const_global_mem.out,0
_Z6kernelPh,local_store_transactions,./const_global_mem.out_local_store_transactions_const_global_mem.out,0
_Z6kernelPh,inst_per_warp,./const_global_mem.out_inst_per_warp_const_global_mem.out,9897.02
_Z6kernelPh,warp_nonpred_execution_efficiency,./const_global_mem.out_warp_nonpred_execution_efficiency_const_global_mem.out,100
_Z6kernelPh,flop_count_dp_add,./const_global_mem.out_flop_count_dp_add_const_global_mem.out,0
_Z6kernelPh,shared_efficiency,./const_global_mem.out_shared_efficiency_const_global_mem.out,0
_Z6kernelPh,l2_utilization,./const_global_mem.out_l2_utilization_const_global_mem.out,1
_Z6kernelPh,shared_store_transactions,./const_global_mem.out_shared_store_transactions_const_global_mem.out,0
_Z6kernelPh,tex_cache_throughput,./const_global_mem.out_tex_cache_throughput_const_global_mem.out,0
_Z6kernelPh,tex_fu_utilization,./const_global_mem.out_tex_fu_utilization_const_global_mem.out,0
_Z6kernelPh,local_store_throughput,./const_global_mem.out_local_store_throughput_const_global_mem.out,0
_Z6kernelPh,inst_replay_overhead,./const_global_mem.out_inst_replay_overhead_const_global_mem.out,1.93649
_Z6kernelPh,inst_bit_convert,./const_global_mem.out_inst_bit_convert_const_global_mem.out,2097152000
_Z6kernelPh,shared_load_transactions,./const_global_mem.out_shared_load_transactions_const_global_mem.out,0
_Z6kernelPh,stall_pipe_busy,./const_global_mem.out_stall_pipe_busy_const_global_mem.out,14.055
_Z6kernelPh,inst_fp_64,./const_global_mem.out_inst_fp_64_const_global_mem.out,0
_Z6kernelPh,gst_transactions_per_request,./const_global_mem.out_gst_transactions_per_request_const_global_mem.out,0.000756226
_Z6kernelPh,gst_efficiency,./const_global_mem.out_gst_efficiency_const_global_mem.out,25
_Z6kernelPh,stall_memory_dependency,./const_global_mem.out_stall_memory_dependency_const_global_mem.out,0
_Z6kernelPh,gld_efficiency,./const_global_mem.out_gld_efficiency_const_global_mem.out,0
_Z6kernelPh,l2_write_throughput,./const_global_mem.out_l2_write_throughput_const_global_mem.out,101
_Z6kernelPh,gst_throughput,./const_global_mem.out_gst_throughput_const_global_mem.out,932028946
_Z6kernelPh,l2_read_transactions,./const_global_mem.out_l2_read_transactions_const_global_mem.out,5586
_Z6kernelPh,l2_atomic_throughput,./const_global_mem.out_l2_atomic_throughput_const_global_mem.out,0
_Z6kernelPh,issued_ipc,./const_global_mem.out_issued_ipc_const_global_mem.out,2.06583
_Z6kernelPh,stall_memory_throttle,./const_global_mem.out_stall_memory_throttle_const_global_mem.out,0.000398073
_Z6kernelPh,shared_load_throughput,./const_global_mem.out_shared_load_throughput_const_global_mem.out,0
_Z6kernelPh,flop_sp_efficiency,./const_global_mem.out_flop_sp_efficiency_const_global_mem.out,7.65426e+09
_Z6kernelPh,dram_read_transactions,./const_global_mem.out_dram_read_transactions_const_global_mem.out,384
_Z6kernelPh,stall_not_selected,./const_global_mem.out_stall_not_selected_const_global_mem.out,8.58117
_Z6kernelPh,ldst_executed,./const_global_mem.out_ldst_executed_const_global_mem.out,95520
_Z6kernelPh,sysmem_write_throughput,./const_global_mem.out_sysmem_write_throughput_const_global_mem.out,14
_Z6kernelPh,sysmem_write_transactions,./const_global_mem.out_sysmem_write_transactions_const_global_mem.out,3
_Z6kernelPh,gld_throughput,./const_global_mem.out_gld_throughput_const_global_mem.out,0
_Z6kernelPh,gld_transactions,./const_global_mem.out_gld_transactions_const_global_mem.out,0
_Z6kernelPh,stall_constant_memory_dependency,./const_global_mem.out_stall_constant_memory_dependency_const_global_mem.out,0.350804
_Z6kernelPh,stall_inst_fetch,./const_global_mem.out_stall_inst_fetch_const_global_mem.out,12.1708
_Z6kernelPh,sysmem_read_throughput,./const_global_mem.out_sysmem_read_throughput_const_global_mem.out,0
_Z6kernelPh,achieved_occupancy,./const_global_mem.out_achieved_occupancy_const_global_mem.out,0.447343
_Z6kernelPh,flop_count_sp_mul,./const_global_mem.out_flop_count_sp_mul_const_global_mem.out,1229782938247303424
_Z6kernelPh,shared_load_transactions_per_request,./const_global_mem.out_shared_load_transactions_per_request_const_global_mem.out,0
_Z6kernelPh,sysmem_write_utilization,./const_global_mem.out_sysmem_write_utilization_const_global_mem.out,1
_Z6kernelPh,inst_control,./const_global_mem.out_inst_control_const_global_mem.out,104932575024
_Z6kernelPh,l2_write_transactions,./const_global_mem.out_l2_write_transactions_const_global_mem.out,19
_Z6kernelPh,gst_requested_throughput,./const_global_mem.out_gst_requested_throughput_const_global_mem.out,232522270
_Z6kernelPh,inst_compute_ld_st,./const_global_mem.out_inst_compute_ld_st_const_global_mem.out,1229782938247303426
_Z6kernelPh,local_store_transactions_per_request,./const_global_mem.out_local_store_transactions_per_request_const_global_mem.out,0
_Z6kernelPh,sysmem_utilization,./const_global_mem.out_sysmem_utilization_const_global_mem.out,1
_Z6kernelPh,issue_slot_utilization,./const_global_mem.out_issue_slot_utilization_const_global_mem.out,29.1685
_Z6kernelPh,inst_integer,./const_global_mem.out_inst_integer_const_global_mem.out,1229782938247303426
_Z6kernelPh,sysmem_read_transactions,./const_global_mem.out_sysmem_read_transactions_const_global_mem.out,0
_Z6kernelPh,inst_executed,./const_global_mem.out_inst_executed_const_global_mem.out,337197094
_Z6kernelPh,flop_count_sp_fma,./const_global_mem.out_flop_count_sp_fma_const_global_mem.out,224925072
_Z6kernelPh,local_load_transactions_per_request,./const_global_mem.out_local_load_transactions_per_request_const_global_mem.out,0
_Z6kernelPh,dram_write_transactions,./const_global_mem.out_dram_write_transactions_const_global_mem.out,22
_Z6kernelPh,local_load_transactions,./const_global_mem.out_local_load_transactions_const_global_mem.out,0
_Z6kernelPh,sysmem_read_utilization,./const_global_mem.out_sysmem_read_utilization_const_global_mem.out,0
_Z6kernelPh,dram_utilization,./const_global_mem.out_dram_utilization_const_global_mem.out,1
_Z6kernelPh,tex_utilization,./const_global_mem.out_tex_utilization_const_global_mem.out,0
_Z6kernelPh,inst_fp_32,./const_global_mem.out_inst_fp_32_const_global_mem.out,1229782938247303426
_Z6kernelPh,gst_transactions,./const_global_mem.out_gst_transactions_const_global_mem.out,12032
_Z6kernelPh,tex_cache_hit_rate,./const_global_mem.out_tex_cache_hit_rate_const_global_mem.out,0
_Z6kernelPh,inst_misc,./const_global_mem.out_inst_misc_const_global_mem.out,1229782938247303426
_Z6kernelPh,cf_fu_utilization,./const_global_mem.out_cf_fu_utilization_const_global_mem.out,2
_Z6kernelPh,warp_execution_efficiency,./const_global_mem.out_warp_execution_efficiency_const_global_mem.out,100
_Z6kernelPh,tex_cache_transactions,./const_global_mem.out_tex_cache_transactions_const_global_mem.out,0
_Z6kernelPh,local_load_throughput,./const_global_mem.out_local_load_throughput_const_global_mem.out,0
_Z6kernelPh,inst_issued,./const_global_mem.out_inst_issued_const_global_mem.out,746947127
_Z6kernelPh,gld_requested_throughput,./const_global_mem.out_gld_requested_throughput_const_global_mem.out,0
_Z6kernelPh,ldst_issued,./const_global_mem.out_ldst_issued_const_global_mem.out,75419
_Z6kernelPh,flop_count_sp_add,./const_global_mem.out_flop_count_sp_add_const_global_mem.out,1229782938247303424
_Z6kernelPh,flop_count_dp_mul,./const_global_mem.out_flop_count_dp_mul_const_global_mem.out,0
_Z6kernelPh,inst_inter_thread_communication,./const_global_mem.out_inst_inter_thread_communication_const_global_mem.out,0
_Z6kernelPh,ldst_fu_utilization,./const_global_mem.out_ldst_fu_utilization_const_global_mem.out,1
_Z6kernelPh,flop_count_sp_special,./const_global_mem.out_flop_count_sp_special_const_global_mem.out,56231268
_Z6kernelPh,atomic_transactions_per_request,./const_global_mem.out_atomic_transactions_per_request_const_global_mem.out,0
_Z6kernelPh,flop_dp_efficiency,./const_global_mem.out_flop_dp_efficiency_const_global_mem.out,0
_Z6kernelPh,issue_slots,./const_global_mem.out_issue_slots_const_global_mem.out,466859373
_Z6kernelPh,stall_sync,./const_global_mem.out_stall_sync_const_global_mem.out,0
_Z6kernelPh,l2_read_throughput,./const_global_mem.out_l2_read_throughput_const_global_mem.out,20962
_Z6kernelPh,stall_other,./const_global_mem.out_stall_other_const_global_mem.out,2.64343
_Z6kernelPh,stall_texture,./const_global_mem.out_stall_texture_const_global_mem.out,0
_Z6kernelPh,flop_count_dp_fma,./const_global_mem.out_flop_count_dp_fma_const_global_mem.out,0
_Z6kernelPh,cf_issued,./const_global_mem.out_cf_issued_const_global_mem.out,165741069
_Z6kernelPh,gld_transactions_per_request,./const_global_mem.out_gld_transactions_per_request_const_global_mem.out,0
_Z6kernelPh,eligible_warps_per_cycle,./const_global_mem.out_eligible_warps_per_cycle_const_global_mem.out,8.35989
_Z6kernelPh,shared_store_transactions_per_request,./const_global_mem.out_shared_store_transactions_per_request_const_global_mem.out,0
_Z6kernelPh,dram_write_throughput,./const_global_mem.out_dram_write_throughput_const_global_mem.out,106
_Z6kernelPh,sm_efficiency,./const_global_mem.out_sm_efficiency_const_global_mem.out,6155.21
_Z6kernelPh,flop_count_sp,./const_global_mem.out_flop_count_sp_const_global_mem.out,2459565876944456996
_Z6kernelPh,shared_store_throughput,./const_global_mem.out_shared_store_throughput_const_global_mem.out,0
_Z6kernelPh,ipc,./const_global_mem.out_ipc_const_global_mem.out,1.28801
_Z6kernelPh,l2_atomic_transactions,./const_global_mem.out_l2_atomic_transactions_const_global_mem.out,0
_Z6kernelPh,l2_tex_read_transactions,./const_global_mem.out_l2_tex_read_transactions_const_global_mem.out,0
_Z6kernelPh,dram_read_throughput,./const_global_mem.out_dram_read_throughput_const_global_mem.out,2755
_Z6kernelPh,atomic_transactions,./const_global_mem.out_atomic_transactions_const_global_mem.out,0
_Z6kernelPh,stall_exec_dependency,./const_global_mem.out_stall_exec_dependency_const_global_mem.out,23.8242
_Z6kernelPh,cf_executed,./const_global_mem.out_cf_executed_const_global_mem.out,73364093
_Z6kernelPh,flop_count_dp,./const_global_mem.out_flop_count_dp_const_global_mem.out,0
_Z6kernelPh,local_store_transactions,./const_global_mem.out_local_store_transactions_const_global_mem.out,0
_Z6kernelPh,inst_per_warp,./const_global_mem.out_inst_per_warp_const_global_mem.out,9616.48
_Z6kernelPh,warp_nonpred_execution_efficiency,./const_global_mem.out_warp_nonpred_execution_efficiency_const_global_mem.out,100
_Z6kernelPh,flop_count_dp_add,./const_global_mem.out_flop_count_dp_add_const_global_mem.out,0
_Z6kernelPh,shared_efficiency,./const_global_mem.out_shared_efficiency_const_global_mem.out,0
_Z6kernelPh,l2_utilization,./const_global_mem.out_l2_utilization_const_global_mem.out,1
_Z6kernelPh,shared_store_transactions,./const_global_mem.out_shared_store_transactions_const_global_mem.out,0
_Z6kernelPh,tex_cache_throughput,./const_global_mem.out_tex_cache_throughput_const_global_mem.out,0
_Z6kernelPh,tex_fu_utilization,./const_global_mem.out_tex_fu_utilization_const_global_mem.out,0
_Z6kernelPh,local_store_throughput,./const_global_mem.out_local_store_throughput_const_global_mem.out,0
_Z6kernelPh,inst_replay_overhead,./const_global_mem.out_inst_replay_overhead_const_global_mem.out,2.46801
_Z6kernelPh,inst_bit_convert,./const_global_mem.out_inst_bit_convert_const_global_mem.out,2097152000
_Z6kernelPh,shared_load_transactions,./const_global_mem.out_shared_load_transactions_const_global_mem.out,0
_Z6kernelPh,stall_pipe_busy,./const_global_mem.out_stall_pipe_busy_const_global_mem.out,3.6573
_Z6kernelPh,inst_fp_64,./const_global_mem.out_inst_fp_64_const_global_mem.out,0
_Z6kernelPh,gst_transactions_per_request,./const_global_mem.out_gst_transactions_per_request_const_global_mem.out,0.000795898
_Z6kernelPh,gst_efficiency,./const_global_mem.out_gst_efficiency_const_global_mem.out,25
_Z6kernelPh,stall_memory_dependency,./const_global_mem.out_stall_memory_dependency_const_global_mem.out,8.60952
_Z6kernelPh,gld_efficiency,./const_global_mem.out_gld_efficiency_const_global_mem.out,21.8748
_Z6kernelPh,l2_write_throughput,./const_global_mem.out_l2_write_throughput_const_global_mem.out,77
_Z6kernelPh,gst_throughput,./const_global_mem.out_gst_throughput_const_global_mem.out,793002063
_Z6kernelPh,l2_read_transactions,./const_global_mem.out_l2_read_transactions_const_global_mem.out,5466
_Z6kernelPh,l2_atomic_throughput,./const_global_mem.out_l2_atomic_throughput_const_global_mem.out,0
_Z6kernelPh,issued_ipc,./const_global_mem.out_issued_ipc_const_global_mem.out,2.03586
_Z6kernelPh,stall_memory_throttle,./const_global_mem.out_stall_memory_throttle_const_global_mem.out,0.230778
_Z6kernelPh,shared_load_throughput,./const_global_mem.out_shared_load_throughput_const_global_mem.out,0
_Z6kernelPh,flop_sp_efficiency,./const_global_mem.out_flop_sp_efficiency_const_global_mem.out,7.54062e+09
_Z6kernelPh,dram_read_transactions,./const_global_mem.out_dram_read_transactions_const_global_mem.out,674
_Z6kernelPh,stall_not_selected,./const_global_mem.out_stall_not_selected_const_global_mem.out,6.62977
_Z6kernelPh,ldst_executed,./const_global_mem.out_ldst_executed_const_global_mem.out,62663259
_Z6kernelPh,sysmem_write_throughput,./const_global_mem.out_sysmem_write_throughput_const_global_mem.out,12
_Z6kernelPh,sysmem_write_transactions,./const_global_mem.out_sysmem_write_transactions_const_global_mem.out,3
_Z6kernelPh,gld_throughput,./const_global_mem.out_gld_throughput_const_global_mem.out,2589220606
_Z6kernelPh,gld_transactions,./const_global_mem.out_gld_transactions_const_global_mem.out,20947803
_Z6kernelPh,stall_constant_memory_dependency,./const_global_mem.out_stall_constant_memory_dependency_const_global_mem.out,0.00119202
_Z6kernelPh,stall_inst_fetch,./const_global_mem.out_stall_inst_fetch_const_global_mem.out,7.21382
_Z6kernelPh,sysmem_read_throughput,./const_global_mem.out_sysmem_read_throughput_const_global_mem.out,0
_Z6kernelPh,achieved_occupancy,./const_global_mem.out_achieved_occupancy_const_global_mem.out,0.453055
_Z6kernelPh,flop_count_sp_mul,./const_global_mem.out_flop_count_sp_mul_const_global_mem.out,1229782938247303424
_Z6kernelPh,shared_load_transactions_per_request,./const_global_mem.out_shared_load_transactions_per_request_const_global_mem.out,0
_Z6kernelPh,sysmem_write_utilization,./const_global_mem.out_sysmem_write_utilization_const_global_mem.out,1
_Z6kernelPh,inst_control,./const_global_mem.out_inst_control_const_global_mem.out,104951318780
_Z6kernelPh,l2_write_transactions,./const_global_mem.out_l2_write_transactions_const_global_mem.out,19
_Z6kernelPh,gst_requested_throughput,./const_global_mem.out_gst_requested_throughput_const_global_mem.out,196802952
_Z6kernelPh,inst_compute_ld_st,./const_global_mem.out_inst_compute_ld_st_const_global_mem.out,1229782938247303426
_Z6kernelPh,local_store_transactions_per_request,./const_global_mem.out_local_store_transactions_per_request_const_global_mem.out,0
_Z6kernelPh,sysmem_utilization,./const_global_mem.out_sysmem_utilization_const_global_mem.out,1
_Z6kernelPh,issue_slot_utilization,./const_global_mem.out_issue_slot_utilization_const_global_mem.out,29.2435
_Z6kernelPh,inst_integer,./const_global_mem.out_inst_integer_const_global_mem.out,1229782938247303426
_Z6kernelPh,sysmem_read_transactions,./const_global_mem.out_sysmem_read_transactions_const_global_mem.out,0
_Z6kernelPh,inst_executed,./const_global_mem.out_inst_executed_const_global_mem.out,295873499
_Z6kernelPh,flop_count_sp_fma,./const_global_mem.out_flop_count_sp_fma_const_global_mem.out,224925072
_Z6kernelPh,local_load_transactions_per_request,./const_global_mem.out_local_load_transactions_per_request_const_global_mem.out,0
_Z6kernelPh,dram_write_transactions,./const_global_mem.out_dram_write_transactions_const_global_mem.out,22
_Z6kernelPh,local_load_transactions,./const_global_mem.out_local_load_transactions_const_global_mem.out,0
_Z6kernelPh,sysmem_read_utilization,./const_global_mem.out_sysmem_read_utilization_const_global_mem.out,0
_Z6kernelPh,dram_utilization,./const_global_mem.out_dram_utilization_const_global_mem.out,1
_Z6kernelPh,tex_utilization,./const_global_mem.out_tex_utilization_const_global_mem.out,0
_Z6kernelPh,inst_fp_32,./const_global_mem.out_inst_fp_32_const_global_mem.out,1229782938247303426
_Z6kernelPh,gst_transactions,./const_global_mem.out_gst_transactions_const_global_mem.out,9472
_Z6kernelPh,tex_cache_hit_rate,./const_global_mem.out_tex_cache_hit_rate_const_global_mem.out,0
_Z6kernelPh,inst_misc,./const_global_mem.out_inst_misc_const_global_mem.out,1229782938247303426
_Z6kernelPh,cf_fu_utilization,./const_global_mem.out_cf_fu_utilization_const_global_mem.out,1
_Z6kernelPh,warp_execution_efficiency,./const_global_mem.out_warp_execution_efficiency_const_global_mem.out,100
_Z6kernelPh,tex_cache_transactions,./const_global_mem.out_tex_cache_transactions_const_global_mem.out,0
_Z6kernelPh,local_load_throughput,./const_global_mem.out_local_load_throughput_const_global_mem.out,0
_Z6kernelPh,inst_issued,./const_global_mem.out_inst_issued_const_global_mem.out,737428204
_Z6kernelPh,gld_requested_throughput,./const_global_mem.out_gld_requested_throughput_const_global_mem.out,662112682
_Z6kernelPh,ldst_issued,./const_global_mem.out_ldst_issued_const_global_mem.out,57356333
_Z6kernelPh,flop_count_sp_add,./const_global_mem.out_flop_count_sp_add_const_global_mem.out,1229782938247303424
_Z6kernelPh,flop_count_dp_mul,./const_global_mem.out_flop_count_dp_mul_const_global_mem.out,0
_Z6kernelPh,inst_inter_thread_communication,./const_global_mem.out_inst_inter_thread_communication_const_global_mem.out,0
_Z6kernelPh,flop_count_sp_special,./const_global_mem.out_flop_count_sp_special_const_global_mem.out,56231268
_Z6kernelPh,atomic_transactions_per_request,./const_global_mem.out_atomic_transactions_per_request_const_global_mem.out,0
_Z6kernelPh,flop_dp_efficiency,./const_global_mem.out_flop_dp_efficiency_const_global_mem.out,0
_Z6kernelPh,issue_slots,./const_global_mem.out_issue_slots_const_global_mem.out,354546665
_Z6kernelPh,stall_sync,./const_global_mem.out_stall_sync_const_global_mem.out,0
_Z6kernelPh,l2_read_throughput,./const_global_mem.out_l2_read_throughput_const_global_mem.out,18564
_Z6kernelPh,stall_other,./const_global_mem.out_stall_other_const_global_mem.out,3.84507
_Z6kernelPh,stall_texture,./const_global_mem.out_stall_texture_const_global_mem.out,0
_Z6kernelPh,flop_count_dp_fma,./const_global_mem.out_flop_count_dp_fma_const_global_mem.out,0
_Z6kernelPh,cf_issued,./const_global_mem.out_cf_issued_const_global_mem.out,88204689
_Z6kernelPh,gld_transactions_per_request,./const_global_mem.out_gld_transactions_per_request_const_global_mem.out,0.00105904
_Z6kernelPh,eligible_warps_per_cycle,./const_global_mem.out_eligible_warps_per_cycle_const_global_mem.out,7.30457
_Z6kernelPh,shared_store_transactions_per_request,./const_global_mem.out_shared_store_transactions_per_request_const_global_mem.out,0
_Z6kernelPh,dram_write_throughput,./const_global_mem.out_dram_write_throughput_const_global_mem.out,89
